Name,Age,Email,City,Phone Number
Brittany Bauer,80,morrisonjohn@example.org,South Davidton,(782)369-7155
Terri Trujillo,20,gabrielle40@example.com,West Katie,396.713.6641
Tony Barnes,63,christopher60@example.org,Frazierbury,001-546-994-3352x4959
Mark Brady,52,phyllisdennis@example.net,South Larry,001-480-587-0152x9662
Jeffrey Thompson,76,stephanie66@example.com,West Stephen,001-486-254-8483x18665
Gabriel Spencer,28,andersonsusan@example.org,Lake Sandrahaven,+1-215-848-1269x2691
Anthony Schultz,50,wademonica@example.org,Walshbury,635-414-6318x0606
Tina Clark,28,monique77@example.net,Lewiston,373.992.4499
Elizabeth Lee,47,nguyenjason@example.net,North Maxwell,668.998.0188x926
Christina Nguyen,35,basssarah@example.org,Sarahchester,+1-353-840-1928x840
Kathy Cobb,68,nperry@example.org,New Sharonmouth,635.333.5930x70739
Joanne Cunningham,20,umoore@example.com,Amyland,904.418.4341x27308
Adriana Woods,38,perrycharles@example.com,East Alexland,970.634.1720
David Thomas MD,57,newtonamy@example.net,Lake Emma,(230)660-5531
Brandon Williams,48,davidmatthews@example.org,Janicetown,+1-509-841-4678
Matthew Miller,61,banderson@example.com,Lake Anna,+1-855-330-4739x8111
Katie Bennett,49,ortizchristopher@example.net,North Jeffrey,525.979.9809
Kenneth Jackson,22,vincent74@example.com,Ramirezfort,339-563-2358x616
Cameron Miller,40,wnavarro@example.com,Port Frederick,001-353-596-8953x3731
Laura Roberts,20,grantrubio@example.org,North Sarah,617.205.4393x5454
Kathy Kerr,79,micheallopez@example.org,North Lindamouth,307.307.2766x458
Paul Arnold,27,patriciaaguirre@example.org,West Carla,8638877199
Madison Russell,33,oreynolds@example.org,Port Sergioville,001-950-286-7731
Deanna Jackson,57,franciseric@example.org,Port Rachelshire,388-382-2415x070
Jeremy Gallagher,26,fitzgeraldcathy@example.net,Robertsonview,001-512-361-6036
Dr. Kimberly Mann,48,walkerkathleen@example.net,Proctorport,651.454.1287
Samuel Peck,69,wendy03@example.org,Port Jamesstad,(742)629-1481x8849
John Berg,23,gmccoy@example.com,Port Danaton,+1-405-580-5162x24551
Gabriel Carter,79,elizabethpeterson@example.org,Robinsonshire,+1-781-766-6763x5902
Rodney Rocha II,25,russellgarza@example.com,Youngfort,458.842.9723x04821
Tyler Logan,44,uhowell@example.org,North Emilymouth,001-705-762-8489x5829
Kimberly Ford PhD,77,whiteheadjuan@example.com,Davisfurt,001-499-675-0198x054
Valerie Fuller,41,jeansmith@example.com,Christineborough,943.442.6870x322
Ryan Davis,25,milesmelissa@example.org,West Wendyview,(873)244-4930x3324
Theresa Gray,44,daniellepearson@example.net,Watsontown,340.279.0915x28830
Kristina Duffy,39,wbest@example.net,Rollinsfort,610-664-5868x054
Steven Cole,77,xwhite@example.net,North Mark,792-239-5659
Joel Roach,28,jasmine24@example.org,North James,+1-637-768-2266x884
Amber Williams,29,erika76@example.org,Michaelstad,457.397.9290x06829
Philip Livingston,68,georgejennifer@example.com,Lake Henryville,346-261-7945x6970
Anthony Lynch,23,wsantiago@example.org,Lake Seanland,(290)701-7325
Mr. Scott Owens Jr.,65,ssmith@example.net,West Francisco,956-388-3171x41226
Jennifer Wood,34,charles76@example.org,Davidshire,(770)413-2390x25777
Samantha Mckenzie,43,mark01@example.net,Port Amber,001-236-659-2515x67229
Peter Farley,74,melinda71@example.net,Fullerbury,338-352-5335x32359
Cheryl Chandler,73,andersonelizabeth@example.com,Websterview,+1-783-675-2360
Rhonda Thomas,46,yjones@example.net,South Andreaview,+1-848-894-0360
Leah Brown,51,uhernandez@example.org,Port Jodifort,375-672-9856x685
Kathy Wood,21,juanmurphy@example.com,Karenmouth,(348)953-4695x1337
Jessica Green,28,robin80@example.com,Murphyside,670-264-0586x851
